<?xml version="1.0" encoding="utf-8" standalone="yes" ?>
<rss version="2.0" xmlns:atom="http://www.w3.org/2005/Atom">
  <channel>
    <title>Projects on Weikun Han</title>
    <link>https://weikunhan.github.io/project/</link>
    <description>Recent content in Projects on Weikun Han</description>
    <generator>Hugo -- gohugo.io</generator>
    <language>en-us</language>
    <copyright>&amp;copy; 2017 Weikun Han</copyright>
    <lastBuildDate>Mon, 20 Nov 2017 00:00:00 -0800</lastBuildDate>
    
	<atom:link href="https://weikunhan.github.io/project/index.xml" rel="self" type="application/rss+xml" />
    
    
    <item>
      <title>Don&#39;t Get Kicked!</title>
      <link>https://weikunhan.github.io/project/do_not_get_kicked/</link>
      <pubDate>Mon, 20 Nov 2017 00:00:00 -0800</pubDate>
      
      <guid>https://weikunhan.github.io/project/do_not_get_kicked/</guid>
      <description>Table of Contents  1. Introduction 2. Understand the Problem 3. Get the data 4. Data Exploration 5. Data Preprocessing  Data cleaning Handing test and categorical attributes Custom transformer Feature scaling Transformation pipelines  6. Model Training 7. Model Tuning and Evaluations Reference   1. Introduction An auto dealership often purchases a used car at an auto auction. This used car might have serious issues that cannot sell to customers.</description>
    </item>
    
  </channel>
</rss>