<?xml version="1.0" encoding="utf-8" standalone="yes" ?>
<rss version="2.0" xmlns:atom="http://www.w3.org/2005/Atom">
  <channel>
    <title>Posts on Weikun Han</title>
    <link>https://weikunhan.github.io/post/</link>
    <description>Recent content in Posts on Weikun Han</description>
    <generator>Hugo -- gohugo.io</generator>
    <language>en-us</language>
    <copyright>&amp;copy; 2017 Weikun Han</copyright>
    <lastBuildDate>Sun, 01 Jan 2017 00:00:00 -0800</lastBuildDate>
    
	<atom:link href="https://weikunhan.github.io/post/index.xml" rel="self" type="application/rss+xml" />
    
    
    <item>
      <title>The Summary of Learning to Search for Dependencies</title>
      <link>https://weikunhan.github.io/post/2017-11-13/</link>
      <pubDate>Mon, 13 Nov 2017 00:00:00 -0800</pubDate>
      
      <guid>https://weikunhan.github.io/post/2017-11-13/</guid>
      <description>Table of Contents  1. Introduction 2. Learning to search 3. Dependency Parsing by Learning to Search 4. Experimental Results 5. Related Works Reference   1. Introduction Transition-based dependency parsers are a type of popular tool for solving structured prediction problems or joint prediction problems. There are many constructions for transition-based dependency parsers such as transition systems, feature engineering, neural-network predictors and the importance of training against a “dynamic oracle.</description>
    </item>
    
  </channel>
</rss>