<?xml version="1.0" encoding="utf-8" standalone="yes" ?>
<rss version="2.0" xmlns:atom="http://www.w3.org/2005/Atom">
  <channel>
    <title>Publications on Weikun Han</title>
    <link>https://weikunhan.github.io/publication/</link>
    <description>Recent content in Publications on Weikun Han</description>
    <generator>Hugo -- gohugo.io</generator>
    <language>en-us</language>
    <copyright>&amp;copy; 2017 Weikun Han</copyright>
    <lastBuildDate>Sun, 01 Jan 2017 00:00:00 +0000</lastBuildDate>
    
	<atom:link href="https://weikunhan.github.io/publication/index.xml" rel="self" type="application/rss+xml" />
    
    
    <item>
      <title>Tape-based flexible metallic and dielectric nanophotonic devices and metamaterials</title>
      <link>https://weikunhan.github.io/publication/publication4/</link>
      <pubDate>Tue, 25 Jul 2017 00:00:00 -0700</pubDate>
      
      <guid>https://weikunhan.github.io/publication/publication4/</guid>
      <description></description>
    </item>
    
  </channel>
</rss>